,Family,Virus,Abbreviation,Species,Probe,Accession,Identifier,Strand
OR761826.1-1SRCOS,Gammaretrovirus,Desmodus rotundus endogenous retrovirus,DrERV,Rhinolophus_ferrumequinum,POL,OR761826.1,1SRCOS,-
LC762617.1-A9JEDF,Gammaretrovirus,Desmodus rotundus endogenous retrovirus,DrERV,Rhinolophus_ferrumequinum,POL,LC762617.1,A9JEDF,+
ON872531.1-8O5QV8,Gammaretrovirus,Desmodus rotundus endogenous retrovirus,DrERV,Rhinolophus_ferrumequinum,POL,ON872531.1,8O5QV8,+
ON893141.1-9GK5ZB,Gammaretrovirus,Desmodus rotundus endogenous retrovirus,DrERV,Rhinolophus_ferrumequinum,POL,ON893141.1,9GK5ZB,-
LC762616.1-EV3591,Gammaretrovirus,Desmodus rotundus endogenous retrovirus,DrERV,Rhinolophus_ferrumequinum,POL,LC762616.1,EV3591,+
PP130118.1-8LA6TK,Gammaretrovirus,Desmodus rotundus endogenous retrovirus,DrERV,Rhinolophus_ferrumequinum,POL,PP130118.1,8LA6TK,+
PP130116.1-HIUJVC,Gammaretrovirus,Desmodus rotundus endogenous retrovirus,DrERV,Rhinolophus_ferrumequinum,POL,PP130116.1,HIUJVC,+
OR761827.1-UX7KLL,Gammaretrovirus,Desmodus rotundus endogenous retrovirus,DrERV,Rhinolophus_ferrumequinum,POL,OR761827.1,UX7KLL,-
OR024676.1-1CYB56,Gammaretrovirus,Desmodus rotundus endogenous retrovirus,DrERV,Rhinolophus_ferrumequinum,POL,OR024676.1,1CYB56,+
OR572101.1-67LSVL,Gammaretrovirus,Desmodus rotundus endogenous retrovirus,DrERV,Rhinolophus_ferrumequinum,POL,OR572101.1,67LSVL,-
OR761827.1-V4AE7N,Betaretrovirus,Jaagsiekte sheep retrovirus,JSRV,Rhinolophus_ferrumequinum,POL,OR761827.1,V4AE7N,-
OR572101.1-1M01NN,Betaretrovirus,Jaagsiekte sheep retrovirus,JSRV,Rhinolophus_ferrumequinum,POL,OR572101.1,1M01NN,+
OR761825.1-EX7O2A,Betaretrovirus,Jaagsiekte sheep retrovirus,JSRV,Rhinolophus_ferrumequinum,POL,OR761825.1,EX7O2A,-
ON893141.1-2VW0NY,Betaretrovirus,Jaagsiekte sheep retrovirus,JSRV,Rhinolophus_ferrumequinum,POL,ON893141.1,2VW0NY,-
OR761827.1-G0V2C8,Betaretrovirus,Jaagsiekte sheep retrovirus,JSRV,Rhinolophus_ferrumequinum,POL,OR761827.1,G0V2C8,+
OR761828.1-ZO2E5U,Betaretrovirus,Jaagsiekte sheep retrovirus,JSRV,Rhinolophus_ferrumequinum,POL,OR761828.1,ZO2E5U,-
OR572101.1-0GT6XF,Betaretrovirus,Jaagsiekte sheep retrovirus,JSRV,Rhinolophus_ferrumequinum,POL,OR572101.1,0GT6XF,-
OR761828.1-LLYUOU,Gammaretrovirus,Desmodus rotundus endogenous retrovirus,DrERV,Rhinolophus_ferrumequinum,POL,OR761828.1,LLYUOU,-
OR572101.1-NF9KDG,Betaretrovirus,Jaagsiekte sheep retrovirus,JSRV,Rhinolophus_ferrumequinum,POL,OR572101.1,NF9KDG,+
OR761826.1-C37VUO,Betaretrovirus,Jaagsiekte sheep retrovirus,JSRV,Rhinolophus_ferrumequinum,POL,OR761826.1,C37VUO,-
ON893141.1-1OCM0S,Betaretrovirus,Jaagsiekte sheep retrovirus,JSRV,Rhinolophus_ferrumequinum,POL,ON893141.1,1OCM0S,+
OR761828.1-2TLPZN,Betaretrovirus,Jaagsiekte sheep retrovirus,JSRV,Rhinolophus_ferrumequinum,POL,OR761828.1,2TLPZN,+
OR761827.1-AHP77Z,Betaretrovirus,Jaagsiekte sheep retrovirus,JSRV,Rhinolophus_ferrumequinum,POL,OR761827.1,AHP77Z,+
OR761826.1-Q3UKZT,Betaretrovirus,Jaagsiekte sheep retrovirus,JSRV,Rhinolophus_ferrumequinum,POL,OR761826.1,Q3UKZT,+
OR761828.1-1H82FV,Betaretrovirus,Jaagsiekte sheep retrovirus,JSRV,Rhinolophus_ferrumequinum,POL,OR761828.1,1H82FV,+
OR761826.1-50TY0Q,Betaretrovirus,Jaagsiekte sheep retrovirus,JSRV,Rhinolophus_ferrumequinum,POL,OR761826.1,50TY0Q,+
OR761825.1-8LXCK8,Gammaretrovirus,Desmodus rotundus endogenous retrovirus,DrERV,Rhinolophus_ferrumequinum,POL,OR761825.1,8LXCK8,-
OR761825.1-WLETZ3,Betaretrovirus,Jaagsiekte sheep retrovirus,JSRV,Rhinolophus_ferrumequinum,POL,OR761825.1,WLETZ3,+
OR761825.1-XQT59W,Betaretrovirus,Jaagsiekte sheep retrovirus,JSRV,Rhinolophus_ferrumequinum,POL,OR761825.1,XQT59W,+
ON893141.1-HNXN0X,Betaretrovirus,Jaagsiekte sheep retrovirus,JSRV,Rhinolophus_ferrumequinum,POL,ON893141.1,HNXN0X,+
LC762616.1-Z2N9W7,Betaretrovirus,Jaagsiekte sheep retrovirus,JSRV,Rhinolophus_ferrumequinum,POL,LC762616.1,Z2N9W7,+
PP130116.1-UBHZN1,Betaretrovirus,Jaagsiekte sheep retrovirus,JSRV,Rhinolophus_ferrumequinum,POL,PP130116.1,UBHZN1,+
NC_007015.1-HP51F9,Betaretrovirus,Jaagsiekte sheep retrovirus,JSRV,Rhinolophus_ferrumequinum,POL,NC_007015.1,HP51F9,+
PP130118.1-AWTIRC,Betaretrovirus,Jaagsiekte sheep retrovirus,JSRV,Rhinolophus_ferrumequinum,POL,PP130118.1,AWTIRC,+
LC762617.1-AH8EMK,Betaretrovirus,Jaagsiekte sheep retrovirus,JSRV,Rhinolophus_ferrumequinum,POL,LC762617.1,AH8EMK,-
ON893141.1-1EKU3X,Betaretrovirus,Simian retrovirus 2,SRV,Rhinolophus_ferrumequinum,ENV,ON893141.1,1EKU3X,+
ON872531.1-SGRJRJ,Betaretrovirus,Jaagsiekte sheep retrovirus,JSRV,Rhinolophus_ferrumequinum,POL,ON872531.1,SGRJRJ,+
LC762617.1-LT0RI1,Betaretrovirus,Jaagsiekte sheep retrovirus,JSRV,Rhinolophus_ferrumequinum,POL,LC762617.1,LT0RI1,+
OR024676.1-D7L07C,Betaretrovirus,Jaagsiekte sheep retrovirus,JSRV,Rhinolophus_ferrumequinum,POL,OR024676.1,D7L07C,-
OR572101.1-NU7FNG,Betaretrovirus,Simian retrovirus 2,SRV,Rhinolophus_ferrumequinum,POL,OR572101.1,NU7FNG,+
ON893141.1-3S1ZR8,Betaretrovirus,Simian retrovirus 2,SRV,Rhinolophus_ferrumequinum,POL,ON893141.1,3S1ZR8,+
ON872531.1-KX8SHU,Betaretrovirus,Simian retrovirus 2,SRV,Rhinolophus_ferrumequinum,POL,ON872531.1,KX8SHU,+
OR669623.1-DOZM9J,Betaretrovirus,Jaagsiekte sheep retrovirus,JSRV,Rhinolophus_ferrumequinum,POL,OR669623.1,DOZM9J,+
OR572101.1-SARKBF,Betaretrovirus,Simian retrovirus 2,SRV,Rhinolophus_ferrumequinum,ENV,OR572101.1,SARKBF,+
OR761828.1-GOB3B4,Betaretrovirus,Simian retrovirus 2,SRV,Rhinolophus_ferrumequinum,POL,OR761828.1,GOB3B4,+
PP130118.1-BO9QJQ,Betaretrovirus,Jaagsiekte sheep retrovirus,JSRV,Rhinolophus_ferrumequinum,POL,PP130118.1,BO9QJQ,-
LC762617.1-P269D5,Betaretrovirus,Simian retrovirus 2,SRV,Rhinolophus_ferrumequinum,POL,LC762617.1,P269D5,+
OR761826.1-12G62W,Betaretrovirus,Simian retrovirus 2,SRV,Rhinolophus_ferrumequinum,ENV,OR761826.1,12G62W,+
OR761825.1-9Y8S3K,Betaretrovirus,Simian retrovirus 2,SRV,Rhinolophus_ferrumequinum,POL,OR761825.1,9Y8S3K,+
OR761827.1-IGWU0V,Betaretrovirus,Simian retrovirus 2,SRV,Rhinolophus_ferrumequinum,ENV,OR761827.1,IGWU0V,+
OR761827.1-I7CW6M,Betaretrovirus,Simian retrovirus 2,SRV,Rhinolophus_ferrumequinum,POL,OR761827.1,I7CW6M,+
OR761826.1-7BEJTP,Betaretrovirus,Simian retrovirus 2,SRV,Rhinolophus_ferrumequinum,POL,OR761826.1,7BEJTP,+
OR572101.1-D1GM12,Betaretrovirus,Simian retrovirus 2,SRV,Rhinolophus_ferrumequinum,POL,OR572101.1,D1GM12,-
OR761825.1-L68TG5,Betaretrovirus,Simian retrovirus 2,SRV,Rhinolophus_ferrumequinum,POL,OR761825.1,L68TG5,-
OR572101.1-Y4SO7S,Betaretrovirus,Simian retrovirus 2,SRV,Rhinolophus_ferrumequinum,ENV,OR572101.1,Y4SO7S,-
OR761826.1-X0NY5Z,Betaretrovirus,Simian retrovirus 2,SRV,Rhinolophus_ferrumequinum,ENV,OR761826.1,X0NY5Z,-
OR024676.1-ZPG0SY,Betaretrovirus,Simian retrovirus 2,SRV,Rhinolophus_ferrumequinum,POL,OR024676.1,ZPG0SY,+
PP130116.1-E5H4W8,Betaretrovirus,Simian retrovirus 2,SRV,Rhinolophus_ferrumequinum,POL,PP130116.1,E5H4W8,+
PP130118.1-BWO7LA,Betaretrovirus,Simian retrovirus 2,SRV,Rhinolophus_ferrumequinum,POL,PP130118.1,BWO7LA,+
OR761828.1-ZUFVVN,Betaretrovirus,Simian retrovirus 2,SRV,Rhinolophus_ferrumequinum,ENV,OR761828.1,ZUFVVN,+
OR761825.1-VOFL8G,Betaretrovirus,Simian retrovirus 2,SRV,Rhinolophus_ferrumequinum,ENV,OR761825.1,VOFL8G,-
OR761826.1-A89RAY,Betaretrovirus,Simian retrovirus 2,SRV,Rhinolophus_ferrumequinum,POL,OR761826.1,A89RAY,-
ON893141.1-QIC83G,Betaretrovirus,Simian retrovirus 2,SRV,Rhinolophus_ferrumequinum,ENV,ON893141.1,QIC83G,-
OR761827.1-KRY5UW,Betaretrovirus,Simian retrovirus 2,SRV,Rhinolophus_ferrumequinum,ENV,OR761827.1,KRY5UW,-
ON893141.1-6ECC6N,Betaretrovirus,Simian retrovirus 2,SRV,Rhinolophus_ferrumequinum,POL,ON893141.1,6ECC6N,-
OR024676.1-AA1BKU,Betaretrovirus,Simian retrovirus 2,SRV,Rhinolophus_ferrumequinum,POL,OR024676.1,AA1BKU,-
OR761827.1-LPYTSK,Betaretrovirus,Simian retrovirus 2,SRV,Rhinolophus_ferrumequinum,POL,OR761827.1,LPYTSK,-
OR761828.1-F85HYO,Betaretrovirus,Simian retrovirus 2,SRV,Rhinolophus_ferrumequinum,ENV,OR761828.1,F85HYO,-
LC762616.1-LXTI6M,Betaretrovirus,Simian retrovirus 2,SRV,Rhinolophus_ferrumequinum,POL,LC762616.1,LXTI6M,-
LC762617.1-EQJVV3,Betaretrovirus,Simian retrovirus 2,SRV,Rhinolophus_ferrumequinum,POL,LC762617.1,EQJVV3,-
PP130116.1-JJTCWU,Betaretrovirus,Simian retrovirus 2,SRV,Rhinolophus_ferrumequinum,POL,PP130116.1,JJTCWU,-
OR572101.1-IUKBPD,Alpharetrovirus,Avian leukosis virus,ALV,Rhinolophus_ferrumequinum,POL,OR572101.1,IUKBPD,+
OR024676.1-IHFAL8,Betaretrovirus,Jaagsiekte sheep retrovirus,JSRV,Rhinolophus_ferrumequinum,POL,OR024676.1,IHFAL8,+
OR761827.1-LP7B7T,Alpharetrovirus,Avian leukosis virus,ALV,Rhinolophus_ferrumequinum,POL,OR761827.1,LP7B7T,+
OR761825.1-S8XCTG,Alpharetrovirus,Avian leukosis virus,ALV,Rhinolophus_ferrumequinum,POL,OR761825.1,S8XCTG,+
NC_007015.1-VFAD83,Betaretrovirus,Simian retrovirus 2,SRV,Rhinolophus_ferrumequinum,POL,NC_007015.1,VFAD83,+
ON872531.1-E4HQ6J,Betaretrovirus,Jaagsiekte sheep retrovirus,JSRV,Rhinolophus_ferrumequinum,POL,ON872531.1,E4HQ6J,-
PP130118.1-YGRRGM,Betaretrovirus,Simian retrovirus 2,SRV,Rhinolophus_ferrumequinum,POL,PP130118.1,YGRRGM,-
OR669623.1-IKMFW1,Betaretrovirus,Simian retrovirus 2,SRV,Rhinolophus_ferrumequinum,POL,OR669623.1,IKMFW1,+
ON872531.1-AD4H9Q,Betaretrovirus,Simian retrovirus 2,SRV,Rhinolophus_ferrumequinum,POL,ON872531.1,AD4H9Q,-
PP130116.1-CF9Y1S,Betaretrovirus,Jaagsiekte sheep retrovirus,JSRV,Rhinolophus_ferrumequinum,POL,PP130116.1,CF9Y1S,-
LC762616.1-TD0C71,Betaretrovirus,Simian retrovirus 2,SRV,Rhinolophus_ferrumequinum,POL,LC762616.1,TD0C71,+
ON893141.1-TW02B8,Alpharetrovirus,Avian leukosis virus,ALV,Rhinolophus_ferrumequinum,POL,ON893141.1,TW02B8,+
ON893141.1-83G7B8,Alpharetrovirus,Avian leukosis virus,ALV,Rhinolophus_ferrumequinum,POL,ON893141.1,83G7B8,+
OR572101.1-VPVIC0,Alpharetrovirus,Avian leukosis virus,ALV,Rhinolophus_ferrumequinum,POL,OR572101.1,VPVIC0,-
OR572101.1-MA7MNA,Alpharetrovirus,Avian leukosis virus,ALV,Rhinolophus_ferrumequinum,POL,OR572101.1,MA7MNA,+
OR761828.1-LGMV6B,Alpharetrovirus,Avian leukosis virus,ALV,Rhinolophus_ferrumequinum,POL,OR761828.1,LGMV6B,+
OR761826.1-2V9WL1,Alpharetrovirus,Avian leukosis virus,ALV,Rhinolophus_ferrumequinum,POL,OR761826.1,2V9WL1,+
ON872531.1-JW2YHT,Alpharetrovirus,Avian leukosis virus,ALV,Rhinolophus_ferrumequinum,POL,ON872531.1,JW2YHT,+
OR761828.1-HCVCAM,Alpharetrovirus,Avian leukosis virus,ALV,Rhinolophus_ferrumequinum,POL,OR761828.1,HCVCAM,+
OR761826.1-K4GLLN,Alpharetrovirus,Avian leukosis virus,ALV,Rhinolophus_ferrumequinum,POL,OR761826.1,K4GLLN,-
OR572101.1-GXA7TQ,Alpharetrovirus,Rous sarcoma virus,RSV,Rhinolophus_ferrumequinum,POL,OR572101.1,GXA7TQ,+
ON872531.1-MNKXBI,Alpharetrovirus,Rous sarcoma virus,RSV,Rhinolophus_ferrumequinum,POL,ON872531.1,MNKXBI,+
ON893141.1-WOK0TF,Alpharetrovirus,Rous sarcoma virus,RSV,Rhinolophus_ferrumequinum,POL,ON893141.1,WOK0TF,+
OR761827.1-RQ78JW,Alpharetrovirus,Rous sarcoma virus,RSV,Rhinolophus_ferrumequinum,POL,OR761827.1,RQ78JW,+
NC_007015.1-RC04G9,Alpharetrovirus,Rous sarcoma virus,RSV,Rhinolophus_ferrumequinum,POL,NC_007015.1,RC04G9,+
OR572101.1-T4919B,Alpharetrovirus,Rous sarcoma virus,RSV,Rhinolophus_ferrumequinum,POL,OR572101.1,T4919B,+
OR761828.1-6CKV5X,Alpharetrovirus,Avian leukosis virus,ALV,Rhinolophus_ferrumequinum,POL,OR761828.1,6CKV5X,-
OR761825.1-UY5RWH,Alpharetrovirus,Avian leukosis virus,ALV,Rhinolophus_ferrumequinum,POL,OR761825.1,UY5RWH,-
OR761825.1-HDS98M,Alpharetrovirus,Rous sarcoma virus,RSV,Rhinolophus_ferrumequinum,POL,OR761825.1,HDS98M,+
OR761827.1-VPVQEU,Alpharetrovirus,Rous sarcoma virus,RSV,Rhinolophus_ferrumequinum,POL,OR761827.1,VPVQEU,+
OR761828.1-GNETBF,Alpharetrovirus,Rous sarcoma virus,RSV,Rhinolophus_ferrumequinum,POL,OR761828.1,GNETBF,+
OR761828.1-6NQNGQ,Alpharetrovirus,Rous sarcoma virus,RSV,Rhinolophus_ferrumequinum,POL,OR761828.1,6NQNGQ,+
ON893141.1-DPLVAY,Alpharetrovirus,Rous sarcoma virus,RSV,Rhinolophus_ferrumequinum,POL,ON893141.1,DPLVAY,+
OR761826.1-2QF81W,Alpharetrovirus,Rous sarcoma virus,RSV,Rhinolophus_ferrumequinum,POL,OR761826.1,2QF81W,+
LC762617.1-UBU50Y,Alpharetrovirus,Rous sarcoma virus,RSV,Rhinolophus_ferrumequinum,POL,LC762617.1,UBU50Y,+
PP130116.1-G1OM3X,Alpharetrovirus,Rous sarcoma virus,RSV,Rhinolophus_ferrumequinum,POL,PP130116.1,G1OM3X,+
OR761827.1-15P08E,Alpharetrovirus,Avian leukosis virus,ALV,Rhinolophus_ferrumequinum,POL,OR761827.1,15P08E,+
OR761825.1-5NKZ1Q,Alpharetrovirus,Rous sarcoma virus,RSV,Rhinolophus_ferrumequinum,POL,OR761825.1,5NKZ1Q,+
OR761826.1-5C6S29,Alpharetrovirus,Rous sarcoma virus,RSV,Rhinolophus_ferrumequinum,POL,OR761826.1,5C6S29,+
OR572101.1-GST4AS,Alpharetrovirus,Rous sarcoma virus,RSV,Rhinolophus_ferrumequinum,POL,OR572101.1,GST4AS,-
OR572101.1-L4D86O,Gammaretrovirus,Porcine endogenous retrovirus,PoERV,Rhinolophus_ferrumequinum,GAG,OR572101.1,L4D86O,+
OR761828.1-D0QQVY,Alpharetrovirus,Rous sarcoma virus,RSV,Rhinolophus_ferrumequinum,POL,OR761828.1,D0QQVY,-
OR761825.1-52VJNA,Alpharetrovirus,Rous sarcoma virus,RSV,Rhinolophus_ferrumequinum,POL,OR761825.1,52VJNA,-
ON893141.1-GP6E7D,Alpharetrovirus,Rous sarcoma virus,RSV,Rhinolophus_ferrumequinum,POL,ON893141.1,GP6E7D,-
OR761826.1-UC20X7,Alpharetrovirus,Avian leukosis virus,ALV,Rhinolophus_ferrumequinum,POL,OR761826.1,UC20X7,+
OR024676.1-5J5C5L,Alpharetrovirus,Rous sarcoma virus,RSV,Rhinolophus_ferrumequinum,POL,OR024676.1,5J5C5L,+
OR761825.1-NCL1YW,Gammaretrovirus,Porcine endogenous retrovirus,PoERV,Rhinolophus_ferrumequinum,GAG,OR761825.1,NCL1YW,+
LC762616.1-VMIB87,Betaretrovirus,Jaagsiekte sheep retrovirus,JSRV,Rhinolophus_ferrumequinum,POL,LC762616.1,VMIB87,-
OR761825.1-IZA2L6,Alpharetrovirus,Avian leukosis virus,ALV,Rhinolophus_ferrumequinum,POL,OR761825.1,IZA2L6,+
OR572101.1-804PZJ,Gammaretrovirus,Porcine endogenous retrovirus,PoERV,Rhinolophus_ferrumequinum,POL,OR572101.1,804PZJ,+
OR761827.1-HTXK6N,Gammaretrovirus,Porcine endogenous retrovirus,PoERV,Rhinolophus_ferrumequinum,POL,OR761827.1,HTXK6N,+
OR761827.1-9S3Q9I,Gammaretrovirus,Porcine endogenous retrovirus,PoERV,Rhinolophus_ferrumequinum,GAG,OR761827.1,9S3Q9I,+
OR761827.1-KKEVID,Alpharetrovirus,Rous sarcoma virus,RSV,Rhinolophus_ferrumequinum,POL,OR761827.1,KKEVID,-
OR572101.1-KOMM7C,Gammaretrovirus,Porcine endogenous retrovirus,PoERV,Rhinolophus_ferrumequinum,ENV,OR572101.1,KOMM7C,+
OR761825.1-EBHHKN,Gammaretrovirus,Porcine endogenous retrovirus,PoERV,Rhinolophus_ferrumequinum,POL,OR761825.1,EBHHKN,+
ON893141.1-MFLSZJ,Alpharetrovirus,Avian leukosis virus,ALV,Rhinolophus_ferrumequinum,POL,ON893141.1,MFLSZJ,-
OR761828.1-TOI254,Gammaretrovirus,Porcine endogenous retrovirus,PoERV,Rhinolophus_ferrumequinum,POL,OR761828.1,TOI254,+
OR761828.1-72M13L,Gammaretrovirus,Porcine endogenous retrovirus,PoERV,Rhinolophus_ferrumequinum,GAG,OR761828.1,72M13L,+
OR761828.1-CVYJHP,Gammaretrovirus,Porcine endogenous retrovirus,PoERV,Rhinolophus_ferrumequinum,ENV,OR761828.1,CVYJHP,+
ON893141.1-WAZ0N8,Gammaretrovirus,Porcine endogenous retrovirus,PoERV,Rhinolophus_ferrumequinum,ENV,ON893141.1,WAZ0N8,+
OR572101.1-SAXJAI,Gammaretrovirus,Porcine endogenous retrovirus,PoERV,Rhinolophus_ferrumequinum,GAG,OR572101.1,SAXJAI,-
OR761826.1-9BYKL8,Gammaretrovirus,Porcine endogenous retrovirus,PoERV,Rhinolophus_ferrumequinum,ENV,OR761826.1,9BYKL8,+
OR761825.1-PRZT8O,Gammaretrovirus,Porcine endogenous retrovirus,PoERV,Rhinolophus_ferrumequinum,ENV,OR761825.1,PRZT8O,+
OR761826.1-2TPOFI,Gammaretrovirus,Porcine endogenous retrovirus,PoERV,Rhinolophus_ferrumequinum,GAG,OR761826.1,2TPOFI,+
OR572101.1-UDHQSR,Gammaretrovirus,Porcine endogenous retrovirus,PoERV,Rhinolophus_ferrumequinum,ENV,OR572101.1,UDHQSR,-
ON893141.1-LN674A,Gammaretrovirus,Porcine endogenous retrovirus,PoERV,Rhinolophus_ferrumequinum,POL,ON893141.1,LN674A,+
ON893141.1-9VRBA5,Gammaretrovirus,Porcine endogenous retrovirus,PoERV,Rhinolophus_ferrumequinum,GAG,ON893141.1,9VRBA5,+
OR572101.1-EEQ36M,Gammaretrovirus,Porcine endogenous retrovirus,PoERV,Rhinolophus_ferrumequinum,POL,OR572101.1,EEQ36M,-
OR761827.1-R2ZRFL,Gammaretrovirus,Porcine endogenous retrovirus,PoERV,Rhinolophus_ferrumequinum,GAG,OR761827.1,R2ZRFL,-
OR761827.1-TE5ZHP,Gammaretrovirus,Porcine endogenous retrovirus,PoERV,Rhinolophus_ferrumequinum,POL,OR761827.1,TE5ZHP,-
OR761827.1-ZGZRTO,Gammaretrovirus,Porcine endogenous retrovirus,PoERV,Rhinolophus_ferrumequinum,ENV,OR761827.1,ZGZRTO,-
OR761825.1-7D45D4,Gammaretrovirus,Porcine endogenous retrovirus,PoERV,Rhinolophus_ferrumequinum,GAG,OR761825.1,7D45D4,-
OR761825.1-7XOGTM,Gammaretrovirus,Porcine endogenous retrovirus,PoERV,Rhinolophus_ferrumequinum,ENV,OR761825.1,7XOGTM,-
OR761825.1-TQ0B9R,Gammaretrovirus,Porcine endogenous retrovirus,PoERV,Rhinolophus_ferrumequinum,POL,OR761825.1,TQ0B9R,-
LC762616.1-6TZZ8H,Alpharetrovirus,Rous sarcoma virus,RSV,Rhinolophus_ferrumequinum,POL,LC762616.1,6TZZ8H,+
OR761825.1-2ORBVM,Betaretrovirus,Simian retrovirus 2,SRV,Rhinolophus_ferrumequinum,ENV,OR761825.1,2ORBVM,+
OR761826.1-51OFVW,Gammaretrovirus,Porcine endogenous retrovirus,PoERV,Rhinolophus_ferrumequinum,POL,OR761826.1,51OFVW,-
OR761828.1-6ERVV0,Gammaretrovirus,Porcine endogenous retrovirus,PoERV,Rhinolophus_ferrumequinum,GAG,OR761828.1,6ERVV0,-
PP130118.1-JO53FX,Alpharetrovirus,Rous sarcoma virus,RSV,Rhinolophus_ferrumequinum,POL,PP130118.1,JO53FX,+
ON893141.1-97A0FP,Gammaretrovirus,Porcine endogenous retrovirus,PoERV,Rhinolophus_ferrumequinum,ENV,ON893141.1,97A0FP,-
ON893141.1-UMP92C,Gammaretrovirus,Porcine endogenous retrovirus,PoERV,Rhinolophus_ferrumequinum,POL,ON893141.1,UMP92C,-
OR761826.1-7L03DN,Gammaretrovirus,Porcine endogenous retrovirus,PoERV,Rhinolophus_ferrumequinum,GAG,OR761826.1,7L03DN,-
LC762617.1-VTLQVG,Gammaretrovirus,Porcine endogenous retrovirus,PoERV,Rhinolophus_ferrumequinum,POL,LC762617.1,VTLQVG,-
ON893141.1-LSDVL7,Gammaretrovirus,Porcine endogenous retrovirus,PoERV,Rhinolophus_ferrumequinum,GAG,ON893141.1,LSDVL7,-
PP130118.1-9UNSTA,Gammaretrovirus,Porcine endogenous retrovirus,PoERV,Rhinolophus_ferrumequinum,POL,PP130118.1,9UNSTA,-
OR761826.1-MH4MSE,Gammaretrovirus,Porcine endogenous retrovirus,PoERV,Rhinolophus_ferrumequinum,ENV,OR761826.1,MH4MSE,-
PP130116.1-FEZ8BV,Gammaretrovirus,Porcine endogenous retrovirus,PoERV,Rhinolophus_ferrumequinum,POL,PP130116.1,FEZ8BV,-
LC762617.1-EEOFSC,Gammaretrovirus,Porcine endogenous retrovirus,PoERV,Rhinolophus_ferrumequinum,POL,LC762617.1,EEOFSC,+
OR024676.1-XK8FI5,Gammaretrovirus,Porcine endogenous retrovirus,PoERV,Rhinolophus_ferrumequinum,POL,OR024676.1,XK8FI5,+
PP130116.1-VNW44Q,Gammaretrovirus,Porcine endogenous retrovirus,PoERV,Rhinolophus_ferrumequinum,POL,PP130116.1,VNW44Q,+
ON872531.1-BWGQLO,Gammaretrovirus,Porcine endogenous retrovirus,PoERV,Rhinolophus_ferrumequinum,POL,ON872531.1,BWGQLO,+
PP130118.1-GFAJA3,Gammaretrovirus,Porcine endogenous retrovirus,PoERV,Rhinolophus_ferrumequinum,POL,PP130118.1,GFAJA3,+
OR761827.1-LOCCV6,Gammaretrovirus,Porcine endogenous retrovirus,PoERV,Rhinolophus_ferrumequinum,ENV,OR761827.1,LOCCV6,+
OR761827.1-UZBMPP,Lentivirus,Feline immunodeficiency virus,FIV,Rhinolophus_ferrumequinum,POL,OR761827.1,UZBMPP,-
OR761828.1-F62V5Y,Lentivirus,Feline immunodeficiency virus,FIV,Rhinolophus_ferrumequinum,POL,OR761828.1,F62V5Y,-
OR761828.1-WU66US,Lentivirus,Feline immunodeficiency virus,FIV,Rhinolophus_ferrumequinum,POL,OR761828.1,WU66US,-
NC_007015.1-681VHW,Gammaretrovirus,Porcine endogenous retrovirus,PoERV,Rhinolophus_ferrumequinum,POL,NC_007015.1,681VHW,+
OR761826.1-DHLKOO,Lentivirus,Feline immunodeficiency virus,FIV,Rhinolophus_ferrumequinum,POL,OR761826.1,DHLKOO,-
OR761827.1-AYMJV0,Lentivirus,Feline immunodeficiency virus,FIV,Rhinolophus_ferrumequinum,POL,OR761827.1,AYMJV0,-
OR761825.1-NXF8FI,Lentivirus,Feline immunodeficiency virus,FIV,Rhinolophus_ferrumequinum,POL,OR761825.1,NXF8FI,-
OR761825.1-CXWOZJ,Lentivirus,Feline immunodeficiency virus,FIV,Rhinolophus_ferrumequinum,POL,OR761825.1,CXWOZJ,-
LC762616.1-GRVWON,Gammaretrovirus,Porcine endogenous retrovirus,PoERV,Rhinolophus_ferrumequinum,POL,LC762616.1,GRVWON,+
OR761826.1-HV6SP0,Lentivirus,Feline immunodeficiency virus,FIV,Rhinolophus_ferrumequinum,POL,OR761826.1,HV6SP0,-
OR761828.1-8D5HTO,Gammaretrovirus,Porcine endogenous retrovirus,PoERV,Rhinolophus_ferrumequinum,POL,OR761828.1,8D5HTO,-
OR761828.1-I3ER2S,Gammaretrovirus,Porcine endogenous retrovirus,PoERV,Rhinolophus_ferrumequinum,ENV,OR761828.1,I3ER2S,-
ON893141.1-F3K58D,Lentivirus,Feline immunodeficiency virus,FIV,Rhinolophus_ferrumequinum,POL,ON893141.1,F3K58D,-
ON893141.1-3J0TV8,Lentivirus,Feline immunodeficiency virus,FIV,Rhinolophus_ferrumequinum,POL,ON893141.1,3J0TV8,-
OR572101.1-9CO6FT,Lentivirus,Feline immunodeficiency virus,FIV,Rhinolophus_ferrumequinum,POL,OR572101.1,9CO6FT,-
LC762616.1-KB3J7R,Lentivirus,Feline immunodeficiency virus,FIV,Rhinolophus_ferrumequinum,POL,LC762616.1,KB3J7R,-
OR761827.1-8SDBIT,Alpharetrovirus,Avian leukosis virus,ALV,Rhinolophus_ferrumequinum,POL,OR761827.1,8SDBIT,-
LC762616.1-I8WRCC,Lentivirus,Feline immunodeficiency virus,FIV,Rhinolophus_ferrumequinum,POL,LC762616.1,I8WRCC,+
PP130116.1-8IXY75,Lentivirus,Feline immunodeficiency virus,FIV,Rhinolophus_ferrumequinum,POL,PP130116.1,8IXY75,+
PP130116.1-U4F4OO,Lentivirus,Feline immunodeficiency virus,FIV,Rhinolophus_ferrumequinum,POL,PP130116.1,U4F4OO,-
LC762617.1-PDI96Y,Lentivirus,Feline immunodeficiency virus,FIV,Rhinolophus_ferrumequinum,POL,LC762617.1,PDI96Y,+
LC762617.1-X5PVC2,Lentivirus,Feline immunodeficiency virus,FIV,Rhinolophus_ferrumequinum,POL,LC762617.1,X5PVC2,-
PP130118.1-9B7G90,Lentivirus,Feline immunodeficiency virus,FIV,Rhinolophus_ferrumequinum,POL,PP130118.1,9B7G90,-
OR761826.1-UJ4Y63,Lentivirus,Feline immunodeficiency virus,FIV,Rhinolophus_ferrumequinum,POL,OR761826.1,UJ4Y63,+
ON872531.1-AWDRBG,Lentivirus,Feline immunodeficiency virus,FIV,Rhinolophus_ferrumequinum,POL,ON872531.1,AWDRBG,+
NC_007015.1-5N5T2P,Lentivirus,Feline immunodeficiency virus,FIV,Rhinolophus_ferrumequinum,POL,NC_007015.1,5N5T2P,+
OR024676.1-689WUV,Lentivirus,Feline immunodeficiency virus,FIV,Rhinolophus_ferrumequinum,POL,OR024676.1,689WUV,-
PP130118.1-5MSXKG,Lentivirus,Feline immunodeficiency virus,FIV,Rhinolophus_ferrumequinum,POL,PP130118.1,5MSXKG,+
OR024676.1-24T20N,Lentivirus,Feline immunodeficiency virus,FIV,Rhinolophus_ferrumequinum,POL,OR024676.1,24T20N,+
OR761825.1-XB3UVM,Lentivirus,Feline immunodeficiency virus,FIV,Rhinolophus_ferrumequinum,POL,OR761825.1,XB3UVM,+
OR572101.1-6B3U4O,Lentivirus,Feline immunodeficiency virus,FIV,Rhinolophus_ferrumequinum,POL,OR572101.1,6B3U4O,+
LC762616.1-TTBSSH,Gammaretrovirus,Porcine endogenous retrovirus,PoERV,Rhinolophus_ferrumequinum,POL,LC762616.1,TTBSSH,-
OR669623.1-F0MD4V,Lentivirus,Feline immunodeficiency virus,FIV,Rhinolophus_ferrumequinum,POL,OR669623.1,F0MD4V,+
OR024676.1-0CZPRD,Gammaretrovirus,Porcine endogenous retrovirus,PoERV,Rhinolophus_ferrumequinum,POL,OR024676.1,0CZPRD,-
OR761825.1-U98M94,Deltaretrovirus,Bovine Leukemia virus,BLV,Rhinolophus_ferrumequinum,POL,OR761825.1,U98M94,-
OR761828.1-I99V8F,Lentivirus,Feline immunodeficiency virus,FIV,Rhinolophus_ferrumequinum,POL,OR761828.1,I99V8F,+
OR572101.1-XH5JGM,Deltaretrovirus,Bovine Leukemia virus,BLV,Rhinolophus_ferrumequinum,POL,OR572101.1,XH5JGM,-
ON893141.1-FGMSGN,Lentivirus,Feline immunodeficiency virus,FIV,Rhinolophus_ferrumequinum,POL,ON893141.1,FGMSGN,+
ON893141.1-CB6YZI,Deltaretrovirus,Bovine Leukemia virus,BLV,Rhinolophus_ferrumequinum,POL,ON893141.1,CB6YZI,-
OR761826.1-1AJPL1,Alpharetrovirus,Rous sarcoma virus,RSV,Rhinolophus_ferrumequinum,POL,OR761826.1,1AJPL1,-
ON893141.1-DSSV5U,Deltaretrovirus,Koala retrovirus,KoRV,Rhinolophus_ferrumequinum,ENV,ON893141.1,DSSV5U,-
OR761825.1-VSBFEX,Deltaretrovirus,Koala retrovirus,KoRV,Rhinolophus_ferrumequinum,POL,OR761825.1,VSBFEX,-
OR572101.1-R0JN5H,Deltaretrovirus,Koala retrovirus,KoRV,Rhinolophus_ferrumequinum,POL,OR572101.1,R0JN5H,-
ON872531.1-WKBT5A,Lentivirus,Feline immunodeficiency virus,FIV,Rhinolophus_ferrumequinum,POL,ON872531.1,WKBT5A,-
OR572101.1-NYI3E5,Lentivirus,Feline immunodeficiency virus,FIV,Rhinolophus_ferrumequinum,POL,OR572101.1,NYI3E5,-
OR761825.1-6UF68U,Deltaretrovirus,Koala retrovirus,KoRV,Rhinolophus_ferrumequinum,GAG,OR761825.1,6UF68U,-
ON893141.1-SVOWNW,Deltaretrovirus,Koala retrovirus,KoRV,Rhinolophus_ferrumequinum,GAG,ON893141.1,SVOWNW,-
OR761828.1-J0SC00,Deltaretrovirus,Koala retrovirus,KoRV,Rhinolophus_ferrumequinum,GAG,OR761828.1,J0SC00,-
OR761828.1-K7N2F8,Deltaretrovirus,Bovine Leukemia virus,BLV,Rhinolophus_ferrumequinum,POL,OR761828.1,K7N2F8,-
OR761825.1-QEV2QF,Deltaretrovirus,Koala retrovirus,KoRV,Rhinolophus_ferrumequinum,ENV,OR761825.1,QEV2QF,-
OR761826.1-4G0M38,Deltaretrovirus,Koala retrovirus,KoRV,Rhinolophus_ferrumequinum,GAG,OR761826.1,4G0M38,-
OR572101.1-P3BJGT,Deltaretrovirus,Koala retrovirus,KoRV,Rhinolophus_ferrumequinum,ENV,OR572101.1,P3BJGT,-
OR761828.1-1CQ3OW,Deltaretrovirus,Koala retrovirus,KoRV,Rhinolophus_ferrumequinum,POL,OR761828.1,1CQ3OW,-
OR761826.1-LJGWPP,Deltaretrovirus,Koala retrovirus,KoRV,Rhinolophus_ferrumequinum,ENV,OR761826.1,LJGWPP,-
OR761827.1-CF4ZLS,Deltaretrovirus,Koala retrovirus,KoRV,Rhinolophus_ferrumequinum,GAG,OR761827.1,CF4ZLS,-
OR572101.1-PFKOI6,Deltaretrovirus,Koala retrovirus,KoRV,Rhinolophus_ferrumequinum,GAG,OR572101.1,PFKOI6,-
OR761828.1-01XEIR,Deltaretrovirus,Koala retrovirus,KoRV,Rhinolophus_ferrumequinum,ENV,OR761828.1,01XEIR,-
OR761826.1-SBMS0V,Gammaretrovirus,Porcine endogenous retrovirus,PoERV,Rhinolophus_ferrumequinum,POL,OR761826.1,SBMS0V,+
OR761827.1-00YFG1,Deltaretrovirus,Koala retrovirus,KoRV,Rhinolophus_ferrumequinum,POL,OR761827.1,00YFG1,-
OR761828.1-58FQEW,Deltaretrovirus,Koala retrovirus,KoRV,Rhinolophus_ferrumequinum,GAG,OR761828.1,58FQEW,+
OR761827.1-F06RD1,Deltaretrovirus,Koala retrovirus,KoRV,Rhinolophus_ferrumequinum,POL,OR761827.1,F06RD1,+
OR761828.1-U15NZQ,Deltaretrovirus,Koala retrovirus,KoRV,Rhinolophus_ferrumequinum,ENV,OR761828.1,U15NZQ,+
OR761826.1-ZAHQFG,Deltaretrovirus,Koala retrovirus,KoRV,Rhinolophus_ferrumequinum,POL,OR761826.1,ZAHQFG,-
OR761826.1-HGI80L,Deltaretrovirus,Koala retrovirus,KoRV,Rhinolophus_ferrumequinum,GAG,OR761826.1,HGI80L,+
OR761826.1-HFABF7,Deltaretrovirus,Koala retrovirus,KoRV,Rhinolophus_ferrumequinum,GAG,OR761826.1,HFABF7,+
OR761827.1-493D73,Deltaretrovirus,Koala retrovirus,KoRV,Rhinolophus_ferrumequinum,GAG,OR761827.1,493D73,+
OR761827.1-IPQU1S,Deltaretrovirus,Koala retrovirus,KoRV,Rhinolophus_ferrumequinum,ENV,OR761827.1,IPQU1S,+
OR761827.1-D1EIXV,Deltaretrovirus,Koala retrovirus,KoRV,Rhinolophus_ferrumequinum,ENV,OR761827.1,D1EIXV,-
OR761825.1-W06I62,Deltaretrovirus,Koala retrovirus,KoRV,Rhinolophus_ferrumequinum,GAG,OR761825.1,W06I62,+
OR761827.1-K4LKUX,Deltaretrovirus,Bovine Leukemia virus,BLV,Rhinolophus_ferrumequinum,POL,OR761827.1,K4LKUX,-
OR761826.1-9606Y9,Deltaretrovirus,Koala retrovirus,KoRV,Rhinolophus_ferrumequinum,POL,OR761826.1,9606Y9,+
OR572101.1-190NUL,Deltaretrovirus,Koala retrovirus,KoRV,Rhinolophus_ferrumequinum,GAG,OR572101.1,190NUL,+
OR572101.1-E0K9ZB,Deltaretrovirus,Koala retrovirus,KoRV,Rhinolophus_ferrumequinum,POL,OR572101.1,E0K9ZB,+
OR761825.1-VQZJKZ,Deltaretrovirus,Koala retrovirus,KoRV,Rhinolophus_ferrumequinum,ENV,OR761825.1,VQZJKZ,+
OR572101.1-3A7LZX,Deltaretrovirus,Koala retrovirus,KoRV,Rhinolophus_ferrumequinum,ENV,OR572101.1,3A7LZX,+
ON893141.1-WUB0PW,Deltaretrovirus,Koala retrovirus,KoRV,Rhinolophus_ferrumequinum,GAG,ON893141.1,WUB0PW,+
ON893141.1-MRMV1P,Deltaretrovirus,Koala retrovirus,KoRV,Rhinolophus_ferrumequinum,POL,ON893141.1,MRMV1P,-
OR761825.1-UVXMST,Deltaretrovirus,Koala retrovirus,KoRV,Rhinolophus_ferrumequinum,GAG,OR761825.1,UVXMST,+
ON893141.1-UMRRFB,Deltaretrovirus,Koala retrovirus,KoRV,Rhinolophus_ferrumequinum,ENV,ON893141.1,UMRRFB,+
LC762616.1-5BA8RV,Deltaretrovirus,Koala retrovirus,KoRV,Rhinolophus_ferrumequinum,POL,LC762616.1,5BA8RV,-
OR761825.1-19GOST,Deltaretrovirus,Koala retrovirus,KoRV,Rhinolophus_ferrumequinum,POL,OR761825.1,19GOST,+
LC762617.1-XM73AV,Deltaretrovirus,Koala retrovirus,KoRV,Rhinolophus_ferrumequinum,POL,LC762617.1,XM73AV,-
OR024676.1-5J5J5E,Deltaretrovirus,Koala retrovirus,KoRV,Rhinolophus_ferrumequinum,POL,OR024676.1,5J5J5E,-
OR761828.1-4XCERR,Betaretrovirus,Simian retrovirus 2,SRV,Rhinolophus_ferrumequinum,POL,OR761828.1,4XCERR,-
OR572101.1-XVOALG,Deltaretrovirus,Koala retrovirus,KoRV,Rhinolophus_ferrumequinum,GAG,OR572101.1,XVOALG,+
PP130116.1-PEJAJ6,Deltaretrovirus,Koala retrovirus,KoRV,Rhinolophus_ferrumequinum,POL,PP130116.1,PEJAJ6,-
ON893141.1-HM02P5,Deltaretrovirus,Koala retrovirus,KoRV,Rhinolophus_ferrumequinum,POL,ON893141.1,HM02P5,+
ON872531.1-7IMG7I,Deltaretrovirus,Koala retrovirus,KoRV,Rhinolophus_ferrumequinum,POL,ON872531.1,7IMG7I,+
LC762616.1-Y68NME,Deltaretrovirus,Koala retrovirus,KoRV,Rhinolophus_ferrumequinum,POL,LC762616.1,Y68NME,+
OR761826.1-O028O6,Deltaretrovirus,Bovine Leukemia virus,BLV,Rhinolophus_ferrumequinum,POL,OR761826.1,O028O6,-
PP130116.1-VDUH31,Deltaretrovirus,Koala retrovirus,KoRV,Rhinolophus_ferrumequinum,POL,PP130116.1,VDUH31,+
OR761827.1-VJ0YBX,Epsilonretrovirus,Human T lymphotropic virus 2,HTLV,Rhinolophus_ferrumequinum,POL,OR761827.1,VJ0YBX,-
PP130118.1-JTZJVW,Deltaretrovirus,Koala retrovirus,KoRV,Rhinolophus_ferrumequinum,POL,PP130118.1,JTZJVW,+
ON872531.1-FFR5S8,Deltaretrovirus,Koala retrovirus,KoRV,Rhinolophus_ferrumequinum,POL,ON872531.1,FFR5S8,-
PP130118.1-DFXL7V,Deltaretrovirus,Koala retrovirus,KoRV,Rhinolophus_ferrumequinum,POL,PP130118.1,DFXL7V,-
OR572101.1-CSZG29,Epsilonretrovirus,Human T lymphotropic virus 2,HTLV,Rhinolophus_ferrumequinum,POL,OR572101.1,CSZG29,-
ON872531.1-QORMX4,Gammaretrovirus,Porcine endogenous retrovirus,PoERV,Rhinolophus_ferrumequinum,POL,ON872531.1,QORMX4,-
OR761828.1-QKB4CJ,Deltaretrovirus,Koala retrovirus,KoRV,Rhinolophus_ferrumequinum,POL,OR761828.1,QKB4CJ,+
OR761828.1-MYSX8W,Deltaretrovirus,Koala retrovirus,KoRV,Rhinolophus_ferrumequinum,GAG,OR761828.1,MYSX8W,+
LC762616.1-84RU0B,Epsilonretrovirus,Human T lymphotropic virus 2,HTLV,Rhinolophus_ferrumequinum,POL,LC762616.1,84RU0B,-
OR761828.1-4FQNP5,Epsilonretrovirus,Human T lymphotropic virus 2,HTLV,Rhinolophus_ferrumequinum,POL,OR761828.1,4FQNP5,-
PP130116.1-TKWMEJ,Epsilonretrovirus,Human T lymphotropic virus 2,HTLV,Rhinolophus_ferrumequinum,POL,PP130116.1,TKWMEJ,-
OR024676.1-HMPSKZ,Epsilonretrovirus,Human T lymphotropic virus 2,HTLV,Rhinolophus_ferrumequinum,POL,OR024676.1,HMPSKZ,-
OR761827.1-X9YYLL,Epsilonretrovirus,Walleye epidermal hyperplasia virus 1,WEHV,Rhinolophus_ferrumequinum,POL,OR761827.1,X9YYLL,-
OR761826.1-M0JZM1,Deltaretrovirus,Koala retrovirus,KoRV,Rhinolophus_ferrumequinum,ENV,OR761826.1,M0JZM1,+
PP130118.1-NKLNQH,Epsilonretrovirus,Human T lymphotropic virus 2,HTLV,Rhinolophus_ferrumequinum,POL,PP130118.1,NKLNQH,-
OR572101.1-ATBVM1,Epsilonretrovirus,Walleye epidermal hyperplasia virus 1,WEHV,Rhinolophus_ferrumequinum,POL,OR572101.1,ATBVM1,-
LC762617.1-7CMXHD,Epsilonretrovirus,Human T lymphotropic virus 2,HTLV,Rhinolophus_ferrumequinum,POL,LC762617.1,7CMXHD,-
OR024676.1-ULUAB4,Deltaretrovirus,Koala retrovirus,KoRV,Rhinolophus_ferrumequinum,POL,OR024676.1,ULUAB4,+
OR761828.1-HR3NJ4,Epsilonretrovirus,Walleye epidermal hyperplasia virus 1,WEHV,Rhinolophus_ferrumequinum,POL,OR761828.1,HR3NJ4,+
OR761825.1-KCK8NW,Epsilonretrovirus,Walleye epidermal hyperplasia virus 1,WEHV,Rhinolophus_ferrumequinum,POL,OR761825.1,KCK8NW,+
OR572101.1-7O43EQ,Epsilonretrovirus,Walleye epidermal hyperplasia virus 1,WEHV,Rhinolophus_ferrumequinum,POL,OR572101.1,7O43EQ,+
ON893141.1-I3Y7H7,Deltaretrovirus,Koala retrovirus,KoRV,Rhinolophus_ferrumequinum,GAG,ON893141.1,I3Y7H7,+
OR761827.1-155HNQ,Epsilonretrovirus,Walleye epidermal hyperplasia virus 1,WEHV,Rhinolophus_ferrumequinum,POL,OR761827.1,155HNQ,+
ON893141.1-6WY3AY,Epsilonretrovirus,Walleye epidermal hyperplasia virus 1,WEHV,Rhinolophus_ferrumequinum,POL,ON893141.1,6WY3AY,-
ON893141.1-JA52ZB,Epsilonretrovirus,Walleye epidermal hyperplasia virus 1,WEHV,Rhinolophus_ferrumequinum,POL,ON893141.1,JA52ZB,+
ON872531.1-WUUKB5,Lentivirus,Human immunodeficiency virus 1,HIV-1,Rhinolophus_ferrumequinum,POL,ON872531.1,WUUKB5,+
OR761825.1-AUCZQJ,Epsilonretrovirus,Walleye epidermal hyperplasia virus 1,WEHV,Rhinolophus_ferrumequinum,POL,OR761825.1,AUCZQJ,-
OR761826.1-DSGD67,Epsilonretrovirus,Walleye epidermal hyperplasia virus 1,WEHV,Rhinolophus_ferrumequinum,POL,OR761826.1,DSGD67,-
NC_007015.1-W2UZ5M,Deltaretrovirus,Koala retrovirus,KoRV,Rhinolophus_ferrumequinum,POL,NC_007015.1,W2UZ5M,+
OR761828.1-LWKLOV,Lentivirus,Human immunodeficiency virus 1,HIV-1,Rhinolophus_ferrumequinum,POL,OR761828.1,LWKLOV,+
OR761825.1-X6PUC9,Lentivirus,Human immunodeficiency virus 1,HIV-1,Rhinolophus_ferrumequinum,POL,OR761825.1,X6PUC9,+
ON893141.1-WFSXRY,Lentivirus,Human immunodeficiency virus 1,HIV-1,Rhinolophus_ferrumequinum,POL,ON893141.1,WFSXRY,+
OR761827.1-90HAB2,Lentivirus,Human immunodeficiency virus 1,HIV-1,Rhinolophus_ferrumequinum,POL,OR761827.1,90HAB2,+
OR761826.1-YUVSVY,Epsilonretrovirus,Walleye epidermal hyperplasia virus 1,WEHV,Rhinolophus_ferrumequinum,POL,OR761826.1,YUVSVY,+
OR572101.1-MDVNF1,Lentivirus,Human immunodeficiency virus 1,HIV-1,Rhinolophus_ferrumequinum,POL,OR572101.1,MDVNF1,+
OR761828.1-IKOP1C,Lentivirus,Human immunodeficiency virus 1,HIV-1,Rhinolophus_ferrumequinum,POL,OR761828.1,IKOP1C,-
OR761827.1-DIICP8,Lentivirus,Feline immunodeficiency virus,FIV,Rhinolophus_ferrumequinum,POL,OR761827.1,DIICP8,+
OR572101.1-HT4LAS,Lentivirus,Human immunodeficiency virus 1,HIV-1,Rhinolophus_ferrumequinum,POL,OR572101.1,HT4LAS,-
ON893141.1-OXXABF,Lentivirus,Human immunodeficiency virus 1,HIV-1,Rhinolophus_ferrumequinum,POL,ON893141.1,OXXABF,-
OR024676.1-490O7S,Lentivirus,Human immunodeficiency virus 1,HIV-1,Rhinolophus_ferrumequinum,POL,OR024676.1,490O7S,+
PP130118.1-NH7P1C,Lentivirus,Human immunodeficiency virus 1,HIV-1,Rhinolophus_ferrumequinum,POL,PP130118.1,NH7P1C,+
PP130116.1-AW3IQW,Lentivirus,Human immunodeficiency virus 1,HIV-1,Rhinolophus_ferrumequinum,POL,PP130116.1,AW3IQW,+
LC762617.1-USYQY6,Lentivirus,Human immunodeficiency virus 1,HIV-1,Rhinolophus_ferrumequinum,POL,LC762617.1,USYQY6,+
OR761825.1-Z2WMO2,Epsilonretrovirus,Human T lymphotropic virus 2,HTLV,Rhinolophus_ferrumequinum,POL,OR761825.1,Z2WMO2,-
OR024676.1-2CZK4K,Lentivirus,Human immunodeficiency virus 1,HIV-1,Rhinolophus_ferrumequinum,POL,OR024676.1,2CZK4K,-
NC_007015.1-5183SW,Lentivirus,Human immunodeficiency virus 1,HIV-1,Rhinolophus_ferrumequinum,POL,NC_007015.1,5183SW,+
LC762617.1-0BYI06,Lentivirus,Human immunodeficiency virus 1,HIV-1,Rhinolophus_ferrumequinum,POL,LC762617.1,0BYI06,-
OR761826.1-AJHDHQ,Epsilonretrovirus,Human T lymphotropic virus 2,HTLV,Rhinolophus_ferrumequinum,POL,OR761826.1,AJHDHQ,-
PP130116.1-RNHOKU,Lentivirus,Human immunodeficiency virus 1,HIV-1,Rhinolophus_ferrumequinum,POL,PP130116.1,RNHOKU,-
LC762617.1-JSZCEG,Deltaretrovirus,Koala retrovirus,KoRV,Rhinolophus_ferrumequinum,POL,LC762617.1,JSZCEG,+
OR761827.1-CJE4BP,Spumaretrovirus,Feline foamy virus,FFV,Rhinolophus_ferrumequinum,POL,OR761827.1,CJE4BP,-
ON893141.1-G118XX,Epsilonretrovirus,Human T lymphotropic virus 2,HTLV,Rhinolophus_ferrumequinum,POL,ON893141.1,G118XX,-
OR761826.1-L0XFLQ,Spumaretrovirus,Feline foamy virus,FFV,Rhinolophus_ferrumequinum,POL,OR761826.1,L0XFLQ,-
OR761825.1-J5IQGR,Spumaretrovirus,Feline foamy virus,FFV,Rhinolophus_ferrumequinum,POL,OR761825.1,J5IQGR,-
ON893141.1-2VH81P,Spumaretrovirus,Feline foamy virus,FFV,Rhinolophus_ferrumequinum,POL,ON893141.1,2VH81P,-
LC762616.1-U5JG8E,Lentivirus,Human immunodeficiency virus 1,HIV-1,Rhinolophus_ferrumequinum,POL,LC762616.1,U5JG8E,-
OR761828.1-79DIOM,Spumaretrovirus,Feline foamy virus,FFV,Rhinolophus_ferrumequinum,POL,OR761828.1,79DIOM,-
OR572101.1-RBW2HH,Spumaretrovirus,Feline foamy virus,FFV,Rhinolophus_ferrumequinum,POL,OR572101.1,RBW2HH,-
OR761827.1-E5OI9M,Spumaretrovirus,Feline foamy virus,FFV,Rhinolophus_ferrumequinum,POL,OR761827.1,E5OI9M,+
OR669623.1-786CJA,Lentivirus,Human immunodeficiency virus 1,HIV-1,Rhinolophus_ferrumequinum,POL,OR669623.1,786CJA,+
ON893141.1-RUZZ4O,Spumaretrovirus,Feline foamy virus,FFV,Rhinolophus_ferrumequinum,POL,ON893141.1,RUZZ4O,+
LC762617.1-G5WHU5,Spumaretrovirus,Feline foamy virus,FFV,Rhinolophus_ferrumequinum,POL,LC762617.1,G5WHU5,+
LC762616.1-RJDFRF,Spumaretrovirus,Feline foamy virus,FFV,Rhinolophus_ferrumequinum,POL,LC762616.1,RJDFRF,+
ON872531.1-31CI47,Spumaretrovirus,Feline foamy virus,FFV,Rhinolophus_ferrumequinum,POL,ON872531.1,31CI47,+
NC_007015.1-0J0K12,Spumaretrovirus,Feline foamy virus,FFV,Rhinolophus_ferrumequinum,POL,NC_007015.1,0J0K12,+
OR761828.1-4JQNXF,Epsilonretrovirus,Walleye epidermal hyperplasia virus 1,WEHV,Rhinolophus_ferrumequinum,POL,OR761828.1,4JQNXF,-
OR761827.1-PZQP0U,Lentivirus,Human immunodeficiency virus 1,HIV-1,Rhinolophus_ferrumequinum,POL,OR761827.1,PZQP0U,-
OR761826.1-TJLLLB,Lentivirus,Human immunodeficiency virus 1,HIV-1,Rhinolophus_ferrumequinum,POL,OR761826.1,TJLLLB,-
OR572101.1-MMSGQB,Spumaretrovirus,Feline foamy virus,FFV,Rhinolophus_ferrumequinum,POL,OR572101.1,MMSGQB,+
PP130116.1-CRZXOT,Spumaretrovirus,Feline foamy virus,FFV,Rhinolophus_ferrumequinum,POL,PP130116.1,CRZXOT,+
OR024676.1-N3N92K,Spumaretrovirus,Feline foamy virus,FFV,Rhinolophus_ferrumequinum,POL,OR024676.1,N3N92K,-
PP130118.1-OPODYF,Spumaretrovirus,Feline foamy virus,FFV,Rhinolophus_ferrumequinum,POL,PP130118.1,OPODYF,-
PP130116.1-ZSI8DF,Spumaretrovirus,Feline foamy virus,FFV,Rhinolophus_ferrumequinum,POL,PP130116.1,ZSI8DF,-
OR024676.1-JUDY6G,Spumaretrovirus,Feline foamy virus,FFV,Rhinolophus_ferrumequinum,POL,OR024676.1,JUDY6G,+
PP130118.1-FHPHOL,Spumaretrovirus,Feline foamy virus,FFV,Rhinolophus_ferrumequinum,POL,PP130118.1,FHPHOL,+
OR761825.1-HUXUBU,Lentivirus,Human immunodeficiency virus 1,HIV-1,Rhinolophus_ferrumequinum,POL,OR761825.1,HUXUBU,-
LC762616.1-PNXXI3,Lentivirus,Human immunodeficiency virus 1,HIV-1,Rhinolophus_ferrumequinum,POL,LC762616.1,PNXXI3,+
OR761826.1-XD4CX2,Lentivirus,Human immunodeficiency virus 1,HIV-1,Rhinolophus_ferrumequinum,POL,OR761826.1,XD4CX2,+
LC762617.1-DK7C6G,Spumaretrovirus,Feline foamy virus,FFV,Rhinolophus_ferrumequinum,POL,LC762617.1,DK7C6G,-
OR024676.1-AKO7IH,Gammaretrovirus,Desmodus rotundus endogenous retrovirus,DrERV,Rhinolophus_ferrumequinum,POL,OR024676.1,AKO7IH,-
LC762616.1-W1QVN3,Spumaretrovirus,Feline foamy virus,FFV,Rhinolophus_ferrumequinum,POL,LC762616.1,W1QVN3,-
OR572101.1-7L29J1,Spumaretrovirus,Bovine foamy virus,BFV,Rhinolophus_ferrumequinum,POL,OR572101.1,7L29J1,+
LC762617.1-HSAVGY,Gammaretrovirus,Desmodus rotundus endogenous retrovirus,DrERV,Rhinolophus_ferrumequinum,POL,LC762617.1,HSAVGY,-
OR761825.1-UD1LPY,Spumaretrovirus,Bovine foamy virus,BFV,Rhinolophus_ferrumequinum,POL,OR761825.1,UD1LPY,+
PP130118.1-L9VQZH,Lentivirus,Human immunodeficiency virus 1,HIV-1,Rhinolophus_ferrumequinum,POL,PP130118.1,L9VQZH,-
LC762616.1-OMTEB4,Gammaretrovirus,Desmodus rotundus endogenous retrovirus,DrERV,Rhinolophus_ferrumequinum,POL,LC762616.1,OMTEB4,-
ON872531.1-GAHAZP,Lentivirus,Human immunodeficiency virus 1,HIV-1,Rhinolophus_ferrumequinum,POL,ON872531.1,GAHAZP,-
ON872531.1-ZPRO2X,Spumaretrovirus,Bovine foamy virus,BFV,Rhinolophus_ferrumequinum,POL,ON872531.1,ZPRO2X,+
OR572101.1-1BVZQN,Spumaretrovirus,Bovine foamy virus,BFV,Rhinolophus_ferrumequinum,POL,OR572101.1,1BVZQN,-
OR761827.1-2OG8ZT,Spumaretrovirus,Bovine foamy virus,BFV,Rhinolophus_ferrumequinum,POL,OR761827.1,2OG8ZT,+
PP130118.1-SQNNNV,Gammaretrovirus,Desmodus rotundus endogenous retrovirus,DrERV,Rhinolophus_ferrumequinum,POL,PP130118.1,SQNNNV,-
OR761828.1-JGLG4H,Spumaretrovirus,Bovine foamy virus,BFV,Rhinolophus_ferrumequinum,POL,OR761828.1,JGLG4H,+
PP130116.1-M91P1A,Gammaretrovirus,Desmodus rotundus endogenous retrovirus,DrERV,Rhinolophus_ferrumequinum,POL,PP130116.1,M91P1A,-
OR761826.1-MJHNRD,Spumaretrovirus,Bovine foamy virus,BFV,Rhinolophus_ferrumequinum,POL,OR761826.1,MJHNRD,+
ON893141.1-QBHWCP,Spumaretrovirus,Bovine foamy virus,BFV,Rhinolophus_ferrumequinum,POL,ON893141.1,QBHWCP,-
OR761826.1-A7ZFAC,Spumaretrovirus,Feline foamy virus,FFV,Rhinolophus_ferrumequinum,POL,OR761826.1,A7ZFAC,+
LC762616.1-ZXOE6I,Spumaretrovirus,Bovine foamy virus,BFV,Rhinolophus_ferrumequinum,POL,LC762616.1,ZXOE6I,+
OR024676.1-2HV1L4,Spumaretrovirus,Bovine foamy virus,BFV,Rhinolophus_ferrumequinum,POL,OR024676.1,2HV1L4,+
PP130116.1-BUMV1Z,Spumaretrovirus,Bovine foamy virus,BFV,Rhinolophus_ferrumequinum,POL,PP130116.1,BUMV1Z,+
NC_007015.1-RHNVHO,Spumaretrovirus,Bovine foamy virus,BFV,Rhinolophus_ferrumequinum,POL,NC_007015.1,RHNVHO,+
LC762616.1-0MOY02,Spumaretrovirus,Bovine foamy virus,BFV,Rhinolophus_ferrumequinum,POL,LC762616.1,0MOY02,-
OR761825.1-7SNW0G,Spumaretrovirus,Bovine foamy virus,BFV,Rhinolophus_ferrumequinum,POL,OR761825.1,7SNW0G,-
OR761828.1-0Z75NA,Spumaretrovirus,Bovine foamy virus,BFV,Rhinolophus_ferrumequinum,POL,OR761828.1,0Z75NA,-
LC762617.1-XO80LL,Spumaretrovirus,Bovine foamy virus,BFV,Rhinolophus_ferrumequinum,POL,LC762617.1,XO80LL,-
PP130118.1-PLBI55,Spumaretrovirus,Bovine foamy virus,BFV,Rhinolophus_ferrumequinum,POL,PP130118.1,PLBI55,+
PP130118.1-3SQ7OD,Spumaretrovirus,Bovine foamy virus,BFV,Rhinolophus_ferrumequinum,POL,PP130118.1,3SQ7OD,-
OR761828.1-06CQEZ,Spumaretrovirus,Feline foamy virus,FFV,Rhinolophus_ferrumequinum,POL,OR761828.1,06CQEZ,+
OR024676.1-V6MH08,Spumaretrovirus,Bovine foamy virus,BFV,Rhinolophus_ferrumequinum,POL,OR024676.1,V6MH08,-
LC762617.1-SDNMKI,Deltaretrovirus,Bovine Leukemia virus,BLV,Rhinolophus_ferrumequinum,POL,LC762617.1,SDNMKI,+
LC762616.1-72UZ29,Deltaretrovirus,Bovine Leukemia virus,BLV,Rhinolophus_ferrumequinum,POL,LC762616.1,72UZ29,+
ON872531.1-2LFHLN,Spumaretrovirus,Bovine foamy virus,BFV,Rhinolophus_ferrumequinum,POL,ON872531.1,2LFHLN,-
ON872531.1-3L2ACC,Deltaretrovirus,Bovine Leukemia virus,BLV,Rhinolophus_ferrumequinum,POL,ON872531.1,3L2ACC,-
OR761827.1-8LIXVW,Deltaretrovirus,Bovine Leukemia virus,BLV,Rhinolophus_ferrumequinum,POL,OR761827.1,8LIXVW,+
OR572101.1-63Y08F,Deltaretrovirus,Bovine Leukemia virus,BLV,Rhinolophus_ferrumequinum,POL,OR572101.1,63Y08F,+
PP130116.1-55K797,Spumaretrovirus,Bovine foamy virus,BFV,Rhinolophus_ferrumequinum,POL,PP130116.1,55K797,-
ON872531.1-IMFDFM,Spumaretrovirus,Feline foamy virus,FFV,Rhinolophus_ferrumequinum,POL,ON872531.1,IMFDFM,-
OR761827.1-23BI2G,Deltaretrovirus,Bovine Leukemia virus,BLV,Rhinolophus_ferrumequinum,POL,OR761827.1,23BI2G,+
OR669623.1-RCY9UE,Alpharetrovirus,Avian leukosis virus,ALV,Rhinolophus_ferrumequinum,POL,OR669623.1,RCY9UE,+
OR761826.1-8RFDOB,Deltaretrovirus,Bovine Leukemia virus,BLV,Rhinolophus_ferrumequinum,POL,OR761826.1,8RFDOB,+
PP130116.1-DG7INQ,Deltaretrovirus,Bovine Leukemia virus,BLV,Rhinolophus_ferrumequinum,POL,PP130116.1,DG7INQ,+
OR761825.1-ESNFMC,Deltaretrovirus,Bovine Leukemia virus,BLV,Rhinolophus_ferrumequinum,POL,OR761825.1,ESNFMC,+
OR761826.1-4OJ76O,Deltaretrovirus,Bovine Leukemia virus,BLV,Rhinolophus_ferrumequinum,POL,OR761826.1,4OJ76O,+
OR761828.1-TOGM14,Deltaretrovirus,Bovine Leukemia virus,BLV,Rhinolophus_ferrumequinum,POL,OR761828.1,TOGM14,+
ON893141.1-P7W6GZ,Deltaretrovirus,Bovine Leukemia virus,BLV,Rhinolophus_ferrumequinum,POL,ON893141.1,P7W6GZ,+
OR761827.1-9LMK6W,Spumaretrovirus,Bovine foamy virus,BFV,Rhinolophus_ferrumequinum,POL,OR761827.1,9LMK6W,-
ON893141.1-O8QFDG,Deltaretrovirus,Bovine Leukemia virus,BLV,Rhinolophus_ferrumequinum,POL,ON893141.1,O8QFDG,+
NC_007015.1-RIAYVV,Deltaretrovirus,Bovine Leukemia virus,BLV,Rhinolophus_ferrumequinum,POL,NC_007015.1,RIAYVV,+
OR761826.1-N03F6H,Spumaretrovirus,Bovine foamy virus,BFV,Rhinolophus_ferrumequinum,POL,OR761826.1,N03F6H,-
LC762617.1-HCE181,Deltaretrovirus,Bovine Leukemia virus,BLV,Rhinolophus_ferrumequinum,POL,LC762617.1,HCE181,-
PP130118.1-0CYN20,Deltaretrovirus,Bovine Leukemia virus,BLV,Rhinolophus_ferrumequinum,POL,PP130118.1,0CYN20,-
ON872531.1-EW67EE,Deltaretrovirus,Bovine Leukemia virus,BLV,Rhinolophus_ferrumequinum,POL,ON872531.1,EW67EE,+
ON893141.1-UQK37E,Spumaretrovirus,Bovine foamy virus,BFV,Rhinolophus_ferrumequinum,POL,ON893141.1,UQK37E,+
OR669623.1-CMH9P3,Deltaretrovirus,Bovine Leukemia virus,BLV,Rhinolophus_ferrumequinum,POL,OR669623.1,CMH9P3,+
OR761828.1-1I9E7A,Deltaretrovirus,Bovine Leukemia virus,BLV,Rhinolophus_ferrumequinum,POL,OR761828.1,1I9E7A,+
LC762617.1-O5938P,Alpharetrovirus,Rous sarcoma virus,RSV,Rhinolophus_ferrumequinum,POL,LC762617.1,O5938P,-
PP130116.1-SP1SJ2,Deltaretrovirus,Bovine Leukemia virus,BLV,Rhinolophus_ferrumequinum,POL,PP130116.1,SP1SJ2,-
LC762617.1-3J5Q68,Spumaretrovirus,Bovine foamy virus,BFV,Rhinolophus_ferrumequinum,POL,LC762617.1,3J5Q68,+
PP130118.1-QZA523,Alpharetrovirus,Rous sarcoma virus,RSV,Rhinolophus_ferrumequinum,POL,PP130118.1,QZA523,-
PP130116.1-U7IG25,Alpharetrovirus,Rous sarcoma virus,RSV,Rhinolophus_ferrumequinum,POL,PP130116.1,U7IG25,-
OR761827.1-UWAHBB,Epsilonretrovirus,Human T lymphotropic virus 2,HTLV,Rhinolophus_ferrumequinum,POL,OR761827.1,UWAHBB,+
OR572101.1-1QP6S6,Epsilonretrovirus,Human T lymphotropic virus 2,HTLV,Rhinolophus_ferrumequinum,POL,OR572101.1,1QP6S6,+
LC762616.1-OJ7XIW,Alpharetrovirus,Rous sarcoma virus,RSV,Rhinolophus_ferrumequinum,POL,LC762616.1,OJ7XIW,-
OR761826.1-JLXBVL,Epsilonretrovirus,Human T lymphotropic virus 2,HTLV,Rhinolophus_ferrumequinum,POL,OR761826.1,JLXBVL,+
OR761825.1-33O9H3,Epsilonretrovirus,Human T lymphotropic virus 2,HTLV,Rhinolophus_ferrumequinum,POL,OR761825.1,33O9H3,+
OR024676.1-72W4KC,Alpharetrovirus,Rous sarcoma virus,RSV,Rhinolophus_ferrumequinum,POL,OR024676.1,72W4KC,-
LC762617.1-W3KX18,Epsilonretrovirus,Human T lymphotropic virus 2,HTLV,Rhinolophus_ferrumequinum,POL,LC762617.1,W3KX18,+
PP130118.1-JPSW5T,Deltaretrovirus,Bovine Leukemia virus,BLV,Rhinolophus_ferrumequinum,POL,PP130118.1,JPSW5T,+
OR024676.1-PTW1BL,Deltaretrovirus,Bovine Leukemia virus,BLV,Rhinolophus_ferrumequinum,POL,OR024676.1,PTW1BL,+
OR669623.1-AS35DJ,Alpharetrovirus,Rous sarcoma virus,RSV,Rhinolophus_ferrumequinum,POL,OR669623.1,AS35DJ,+
LC762616.1-4IEE0S,Deltaretrovirus,Bovine Leukemia virus,BLV,Rhinolophus_ferrumequinum,POL,LC762616.1,4IEE0S,-
PP130118.1-V2ZQ9S,Epsilonretrovirus,Human T lymphotropic virus 2,HTLV,Rhinolophus_ferrumequinum,POL,PP130118.1,V2ZQ9S,+
OR761827.1-D8P4D5,Deltaretrovirus,Koala retrovirus,KoRV,Rhinolophus_ferrumequinum,GAG,OR761827.1,D8P4D5,+
ON872531.1-9WJ8ZA,Epsilonretrovirus,Human T lymphotropic virus 2,HTLV,Rhinolophus_ferrumequinum,POL,ON872531.1,9WJ8ZA,+
ON872531.1-PH6FO2,Epsilonretrovirus,Human T lymphotropic virus 2,HTLV,Rhinolophus_ferrumequinum,POL,ON872531.1,PH6FO2,-
OR669623.1-NMTE7X,Epsilonretrovirus,Human T lymphotropic virus 2,HTLV,Rhinolophus_ferrumequinum,POL,OR669623.1,NMTE7X,+
NC_007015.1-LOIF25,Epsilonretrovirus,Human T lymphotropic virus 2,HTLV,Rhinolophus_ferrumequinum,POL,NC_007015.1,LOIF25,+
OR572101.1-KO3W27,Deltaretrovirus,Bovine Leukemia virus,BLV,Rhinolophus_ferrumequinum,POL,OR572101.1,KO3W27,+
PP130116.1-E83E9S,Epsilonretrovirus,Human T lymphotropic virus 2,HTLV,Rhinolophus_ferrumequinum,POL,PP130116.1,E83E9S,+
PP130116.1-UH47S2,Epsilonretrovirus,Walleye epidermal hyperplasia virus 1,WEHV,Rhinolophus_ferrumequinum,POL,PP130116.1,UH47S2,-
LC762616.1-UL9TKM,Epsilonretrovirus,Walleye epidermal hyperplasia virus 1,WEHV,Rhinolophus_ferrumequinum,POL,LC762616.1,UL9TKM,-
OR024676.1-DX7ILC,Epsilonretrovirus,Walleye epidermal hyperplasia virus 1,WEHV,Rhinolophus_ferrumequinum,POL,OR024676.1,DX7ILC,-
OR024676.1-UTVUXQ,Epsilonretrovirus,Human T lymphotropic virus 2,HTLV,Rhinolophus_ferrumequinum,POL,OR024676.1,UTVUXQ,+
NC_007015.1-0OLVZ0,Epsilonretrovirus,Walleye epidermal hyperplasia virus 1,WEHV,Rhinolophus_ferrumequinum,POL,NC_007015.1,0OLVZ0,+
OR024676.1-QBR08B,Deltaretrovirus,Bovine Leukemia virus,BLV,Rhinolophus_ferrumequinum,POL,OR024676.1,QBR08B,-
LC762617.1-72HU3D,Epsilonretrovirus,Walleye epidermal hyperplasia virus 1,WEHV,Rhinolophus_ferrumequinum,POL,LC762617.1,72HU3D,+
LC762616.1-0N94RX,Epsilonretrovirus,Walleye epidermal hyperplasia virus 1,WEHV,Rhinolophus_ferrumequinum,POL,LC762616.1,0N94RX,+
OR761825.1-55YOVF,Spumaretrovirus,Feline foamy virus,FFV,Rhinolophus_ferrumequinum,POL,OR761825.1,55YOVF,+
PP130116.1-AUYB6U,Epsilonretrovirus,Walleye epidermal hyperplasia virus 1,WEHV,Rhinolophus_ferrumequinum,POL,PP130116.1,AUYB6U,+
LC762617.1-N2X2FF,Epsilonretrovirus,Walleye epidermal hyperplasia virus 1,WEHV,Rhinolophus_ferrumequinum,POL,LC762617.1,N2X2FF,-
PP130118.1-LE546J,Epsilonretrovirus,Walleye epidermal hyperplasia virus 1,WEHV,Rhinolophus_ferrumequinum,POL,PP130118.1,LE546J,+
PP130118.1-89DNHU,Epsilonretrovirus,Walleye epidermal hyperplasia virus 1,WEHV,Rhinolophus_ferrumequinum,POL,PP130118.1,89DNHU,-
OR024676.1-VDLYK7,Epsilonretrovirus,Walleye epidermal hyperplasia virus 1,WEHV,Rhinolophus_ferrumequinum,POL,OR024676.1,VDLYK7,+
ON872531.1-PRGAY3,Alpharetrovirus,Rous sarcoma virus,RSV,Rhinolophus_ferrumequinum,POL,ON872531.1,PRGAY3,-
ON893141.1-Y8YH2V,Epsilonretrovirus,Human T lymphotropic virus 2,HTLV,Rhinolophus_ferrumequinum,POL,ON893141.1,Y8YH2V,+
LC762616.1-O6PIHD,Epsilonretrovirus,Human T lymphotropic virus 2,HTLV,Rhinolophus_ferrumequinum,POL,LC762616.1,O6PIHD,+
ON872531.1-JT7HPK,Epsilonretrovirus,Walleye epidermal hyperplasia virus 1,WEHV,Rhinolophus_ferrumequinum,POL,ON872531.1,JT7HPK,+
OR761828.1-3BVW3W,Epsilonretrovirus,Human T lymphotropic virus 2,HTLV,Rhinolophus_ferrumequinum,POL,OR761828.1,3BVW3W,+
ON872531.1-607ZSP,Epsilonretrovirus,Walleye epidermal hyperplasia virus 1,WEHV,Rhinolophus_ferrumequinum,POL,ON872531.1,607ZSP,-
OR761825.1-7TWA3U,Deltaretrovirus,Bovine Leukemia virus,BLV,Rhinolophus_ferrumequinum,POL,OR761825.1,7TWA3U,+
